{
  "2011": [
    {
      "id": 1,
      "name": "Selecao A",
      "clubs": {
        "1": {
          "name": "Clube A",
          "players": {
            "1": {"name": "Jogador A"}
          }
        },
        "2": {
          "name": "Clube B",
          "players": {
            "3": {"name": "Jogador C"},
            "4": {"name": "Jogador D"}
          }  
        }
      }
    },
    {
      "id": 2,
      "name": "Selecao B",
      "clubs": {
        "1": {
          "name": "Clube A",
          "players": {
            "5": {
              "name": "Jogador E"
            },
            "6": {
              "name": "Jogador F"
            }
          }
        },
       "4": {
          "name": "Clube D",
          "players": {
            "7": {
              "name": "Jogador G"
            }}
        }}
    },
    {
      "id": 3,
      "name": "Selecao C",
      "clubs":{
        "3": {
          "name": "Clube C",
          "players":{
            "8": {
              "name": "Jogador H"
            },
            "9": {
              "name": "Jogador I"
            },
            "10": {
              "name": "Jogador J"
            }}
        }}
    }
  ],
  "2012": [
    {
      "id": 1,
      "name": "Selecao A",
      "clubs":{
        "1": {
          "name": "Clube A",
          "players": {
            "1": {
              "name": "Jogador A"
            },
            "5": {
              "id": 5,
              "name": "Jogador E"
            },
            "6": {
              "id": 6,
              "name": "Jogador F"
            }}
        },
       "2": {
          "name": "Clube B",
          "players":{
            "3": {
              "name": "Jogador C"
            },
            "4": {
              "name": "Jogador D"
            }}
        }}
    },
    {
      "id": 2,
      "name": "Selecao B",
      "clubs":{
        "4": {
          "name": "Clube D",
          "players":{
            "7": {
              "name": "Jogador G"
            }, 
            "11": {
              "name": "Jogador K"
            },
            "12": {
              "name": "Jogador L"
            },
            "13": {
              "name": "Jogador M"
            },
            "14": {
              "name": "Jogador N"
            },
            "15": {
              "name": "Jogador O"
            }}
        }}
    },
    {
      "id": 3,
      "name": "Selecao C",
      "clubs": {}
    }
  ]
}